id|description|column
"582"|"MEXICO Air Sea, and Not Reported (I-94, no land arrivals)"|"i94cit_res"
"236"|"AFGHANISTAN"|"i94cit_res"
"101"|"ALBANIA"|"i94cit_res"
"316"|"ALGERIA"|"i94cit_res"
"102"|"ANDORRA"|"i94cit_res"
"324"|"ANGOLA"|"i94cit_res"
"529"|"ANGUILLA"|"i94cit_res"
"518"|"ANTIGUA-BARBUDA"|"i94cit_res"
"687"|"ARGENTINA"|"i94cit_res"
"151"|"ARMENIA"|"i94cit_res"
"532"|"ARUBA"|"i94cit_res"
"438"|"AUSTRALIA"|"i94cit_res"
"103"|"AUSTRIA"|"i94cit_res"
"152"|"AZERBAIJAN"|"i94cit_res"
"512"|"BAHAMAS"|"i94cit_res"
"298"|"BAHRAIN"|"i94cit_res"
"274"|"BANGLADESH"|"i94cit_res"
"513"|"BARBADOS"|"i94cit_res"
"104"|"BELGIUM"|"i94cit_res"
"581"|"BELIZE"|"i94cit_res"
"386"|"BENIN"|"i94cit_res"
"509"|"BERMUDA"|"i94cit_res"
"153"|"BELARUS"|"i94cit_res"
"242"|"BHUTAN"|"i94cit_res"
"688"|"BOLIVIA"|"i94cit_res"
"717"|"BONAIRE, ST EUSTATIUS, SABA"|"i94cit_res"
"164"|"BOSNIA-HERZEGOVINA"|"i94cit_res"
"336"|"BOTSWANA"|"i94cit_res"
"689"|"BRAZIL"|"i94cit_res"
"525"|"BRITISH VIRGIN ISLANDS"|"i94cit_res"
"217"|"BRUNEI"|"i94cit_res"
"105"|"BULGARIA"|"i94cit_res"
"393"|"BURKINA FASO"|"i94cit_res"
"243"|"BURMA"|"i94cit_res"
"375"|"BURUNDI"|"i94cit_res"
"310"|"CAMEROON"|"i94cit_res"
"326"|"CAPE VERDE"|"i94cit_res"
"526"|"CAYMAN ISLANDS"|"i94cit_res"
"383"|"CENTRAL AFRICAN REPUBLIC"|"i94cit_res"
"384"|"CHAD"|"i94cit_res"
"690"|"CHILE"|"i94cit_res"
"245"|"CHINA, PRC"|"i94cit_res"
"721"|"CURACAO"|"i94cit_res"
"270"|"CHRISTMAS ISLAND"|"i94cit_res"
"271"|"COCOS ISLANDS"|"i94cit_res"
"691"|"COLOMBIA"|"i94cit_res"
"317"|"COMOROS"|"i94cit_res"
"385"|"CONGO"|"i94cit_res"
"467"|"COOK ISLANDS"|"i94cit_res"
"575"|"COSTA RICA"|"i94cit_res"
"165"|"CROATIA"|"i94cit_res"
"584"|"CUBA"|"i94cit_res"
"218"|"CYPRUS"|"i94cit_res"
"140"|"CZECH REPUBLIC"|"i94cit_res"
"723"|"FAROE ISLANDS (PART OF DENMARK)"|"i94cit_res"
"108"|"DENMARK"|"i94cit_res"
"322"|"DJIBOUTI"|"i94cit_res"
"519"|"DOMINICA"|"i94cit_res"
"585"|"DOMINICAN REPUBLIC"|"i94cit_res"
"240"|"EAST TIMOR"|"i94cit_res"
"692"|"ECUADOR"|"i94cit_res"
"368"|"EGYPT"|"i94cit_res"
"576"|"EL SALVADOR"|"i94cit_res"
"399"|"EQUATORIAL GUINEA"|"i94cit_res"
"372"|"ERITREA"|"i94cit_res"
"109"|"ESTONIA"|"i94cit_res"
"369"|"ETHIOPIA"|"i94cit_res"
"604"|"FALKLAND ISLANDS"|"i94cit_res"
"413"|"FIJI"|"i94cit_res"
"110"|"FINLAND"|"i94cit_res"
"111"|"FRANCE"|"i94cit_res"
"601"|"FRENCH GUIANA"|"i94cit_res"
"411"|"FRENCH POLYNESIA"|"i94cit_res"
"387"|"GABON"|"i94cit_res"
"338"|"GAMBIA"|"i94cit_res"
"758"|"GAZA STRIP"|"i94cit_res"
"154"|"GEORGIA"|"i94cit_res"
"112"|"GERMANY"|"i94cit_res"
"339"|"GHANA"|"i94cit_res"
"143"|"GIBRALTAR"|"i94cit_res"
"113"|"GREECE"|"i94cit_res"
"520"|"GRENADA"|"i94cit_res"
"507"|"GUADELOUPE"|"i94cit_res"
"577"|"GUATEMALA"|"i94cit_res"
"382"|"GUINEA"|"i94cit_res"
"327"|"GUINEA-BISSAU"|"i94cit_res"
"603"|"GUYANA"|"i94cit_res"
"586"|"HAITI"|"i94cit_res"
"726"|"HEARD AND MCDONALD IS."|"i94cit_res"
"149"|"HOLY SEE/VATICAN"|"i94cit_res"
"528"|"HONDURAS"|"i94cit_res"
"206"|"HONG KONG"|"i94cit_res"
"114"|"HUNGARY"|"i94cit_res"
"115"|"ICELAND"|"i94cit_res"
"213"|"INDIA"|"i94cit_res"
"759"|"INDIAN OCEAN AREAS (FRENCH)"|"i94cit_res"
"729"|"INDIAN OCEAN TERRITORY"|"i94cit_res"
"204"|"INDONESIA"|"i94cit_res"
"249"|"IRAN"|"i94cit_res"
"250"|"IRAQ"|"i94cit_res"
"116"|"IRELAND"|"i94cit_res"
"251"|"ISRAEL"|"i94cit_res"
"117"|"ITALY"|"i94cit_res"
"388"|"IVORY COAST"|"i94cit_res"
"514"|"JAMAICA"|"i94cit_res"
"209"|"JAPAN"|"i94cit_res"
"253"|"JORDAN"|"i94cit_res"
"201"|"KAMPUCHEA"|"i94cit_res"
"155"|"KAZAKHSTAN"|"i94cit_res"
"340"|"KENYA"|"i94cit_res"
"414"|"KIRIBATI"|"i94cit_res"
"732"|"KOSOVO"|"i94cit_res"
"272"|"KUWAIT"|"i94cit_res"
"156"|"KYRGYZSTAN"|"i94cit_res"
"203"|"LAOS"|"i94cit_res"
"118"|"LATVIA"|"i94cit_res"
"255"|"LEBANON"|"i94cit_res"
"335"|"LESOTHO"|"i94cit_res"
"370"|"LIBERIA"|"i94cit_res"
"381"|"LIBYA"|"i94cit_res"
"119"|"LIECHTENSTEIN"|"i94cit_res"
"120"|"LITHUANIA"|"i94cit_res"
"121"|"LUXEMBOURG"|"i94cit_res"
"214"|"MACAU"|"i94cit_res"
"167"|"MACEDONIA"|"i94cit_res"
"320"|"MADAGASCAR"|"i94cit_res"
"345"|"MALAWI"|"i94cit_res"
"273"|"MALAYSIA"|"i94cit_res"
"220"|"MALDIVES"|"i94cit_res"
"392"|"MALI"|"i94cit_res"
"145"|"MALTA"|"i94cit_res"
"472"|"MARSHALL ISLANDS"|"i94cit_res"
"511"|"MARTINIQUE"|"i94cit_res"
"389"|"MAURITANIA"|"i94cit_res"
"342"|"MAURITIUS"|"i94cit_res"
"760"|"MAYOTTE (AFRICA - FRENCH)"|"i94cit_res"
"473"|"MICRONESIA, FED. STATES OF"|"i94cit_res"
"157"|"MOLDOVA"|"i94cit_res"
"122"|"MONACO"|"i94cit_res"
"299"|"MONGOLIA"|"i94cit_res"
"735"|"MONTENEGRO"|"i94cit_res"
"521"|"MONTSERRAT"|"i94cit_res"
"332"|"MOROCCO"|"i94cit_res"
"329"|"MOZAMBIQUE"|"i94cit_res"
"371"|"NAMIBIA"|"i94cit_res"
"440"|"NAURU"|"i94cit_res"
"257"|"NEPAL"|"i94cit_res"
"123"|"NETHERLANDS"|"i94cit_res"
"508"|"NETHERLANDS ANTILLES"|"i94cit_res"
"409"|"NEW CALEDONIA"|"i94cit_res"
"464"|"NEW ZEALAND"|"i94cit_res"
"579"|"NICARAGUA"|"i94cit_res"
"390"|"NIGER"|"i94cit_res"
"343"|"NIGERIA"|"i94cit_res"
"470"|"NIUE"|"i94cit_res"
"275"|"NORTH KOREA"|"i94cit_res"
"124"|"NORWAY"|"i94cit_res"
"256"|"OMAN"|"i94cit_res"
"258"|"PAKISTAN"|"i94cit_res"
"474"|"PALAU"|"i94cit_res"
"743"|"PALESTINE"|"i94cit_res"
"504"|"PANAMA"|"i94cit_res"
"441"|"PAPUA NEW GUINEA"|"i94cit_res"
"693"|"PARAGUAY"|"i94cit_res"
"694"|"PERU"|"i94cit_res"
"260"|"PHILIPPINES"|"i94cit_res"
"416"|"PITCAIRN ISLANDS"|"i94cit_res"
"107"|"POLAND"|"i94cit_res"
"126"|"PORTUGAL"|"i94cit_res"
"297"|"QATAR"|"i94cit_res"
"748"|"REPUBLIC OF SOUTH SUDAN"|"i94cit_res"
"321"|"REUNION"|"i94cit_res"
"127"|"ROMANIA"|"i94cit_res"
"158"|"RUSSIA"|"i94cit_res"
"376"|"RWANDA"|"i94cit_res"
"128"|"SAN MARINO"|"i94cit_res"
"330"|"SAO TOME AND PRINCIPE"|"i94cit_res"
"261"|"SAUDI ARABIA"|"i94cit_res"
"391"|"SENEGAL"|"i94cit_res"
"142"|"SERBIA AND MONTENEGRO"|"i94cit_res"
"745"|"SERBIA"|"i94cit_res"
"347"|"SEYCHELLES"|"i94cit_res"
"348"|"SIERRA LEONE"|"i94cit_res"
"207"|"SINGAPORE"|"i94cit_res"
"141"|"SLOVAKIA"|"i94cit_res"
"166"|"SLOVENIA"|"i94cit_res"
"412"|"SOLOMON ISLANDS"|"i94cit_res"
"397"|"SOMALIA"|"i94cit_res"
"373"|"SOUTH AFRICA"|"i94cit_res"
"276"|"SOUTH KOREA"|"i94cit_res"
"129"|"SPAIN"|"i94cit_res"
"244"|"SRI LANKA"|"i94cit_res"
"346"|"ST. HELENA"|"i94cit_res"
"522"|"ST. KITTS-NEVIS"|"i94cit_res"
"523"|"ST. LUCIA"|"i94cit_res"
"502"|"ST. PIERRE AND MIQUELON"|"i94cit_res"
"524"|"ST. VINCENT-GRENADINES"|"i94cit_res"
"716"|"SAINT BARTHELEMY"|"i94cit_res"
"736"|"SAINT MARTIN"|"i94cit_res"
"749"|"SAINT MAARTEN"|"i94cit_res"
"350"|"SUDAN"|"i94cit_res"
"602"|"SURINAME"|"i94cit_res"
"351"|"SWAZILAND"|"i94cit_res"
"130"|"SWEDEN"|"i94cit_res"
"131"|"SWITZERLAND"|"i94cit_res"
"262"|"SYRIA"|"i94cit_res"
"268"|"TAIWAN"|"i94cit_res"
"159"|"TAJIKISTAN"|"i94cit_res"
"353"|"TANZANIA"|"i94cit_res"
"263"|"THAILAND"|"i94cit_res"
"304"|"TOGO"|"i94cit_res"
"417"|"TONGA"|"i94cit_res"
"516"|"TRINIDAD AND TOBAGO"|"i94cit_res"
"323"|"TUNISIA"|"i94cit_res"
"264"|"TURKEY"|"i94cit_res"
"161"|"TURKMENISTAN"|"i94cit_res"
"527"|"TURKS AND CAICOS ISLANDS"|"i94cit_res"
"420"|"TUVALU"|"i94cit_res"
"352"|"UGANDA"|"i94cit_res"
"162"|"UKRAINE"|"i94cit_res"
"296"|"UNITED ARAB EMIRATES"|"i94cit_res"
"135"|"UNITED KINGDOM"|"i94cit_res"
"695"|"URUGUAY"|"i94cit_res"
"163"|"UZBEKISTAN"|"i94cit_res"
"410"|"VANUATU"|"i94cit_res"
"696"|"VENEZUELA"|"i94cit_res"
"266"|"VIETNAM"|"i94cit_res"
"469"|"WALLIS AND FUTUNA ISLANDS"|"i94cit_res"
"757"|"WEST INDIES (FRENCH)"|"i94cit_res"
"333"|"WESTERN SAHARA"|"i94cit_res"
"465"|"WESTERN SAMOA"|"i94cit_res"
"216"|"YEMEN"|"i94cit_res"
"139"|"YUGOSLAVIA"|"i94cit_res"
"301"|"ZAIRE"|"i94cit_res"
"344"|"ZAMBIA"|"i94cit_res"
"315"|"ZIMBABWE"|"i94cit_res"
"403"|"INVALID: AMERICAN SAMOA"|"i94cit_res"
"712"|"INVALID: ANTARCTICA"|"i94cit_res"
"700"|"INVALID: BORN ON BOARD SHIP"|"i94cit_res"
"719"|"INVALID: BOUVET ISLAND (ANTARCTICA/NORWAY TERR.)"|"i94cit_res"
"574"|"INVALID: CANADA"|"i94cit_res"
"720"|"INVALID: CANTON AND ENDERBURY ISLS"|"i94cit_res"
"106"|"INVALID: CZECHOSLOVAKIA"|"i94cit_res"
"739"|"INVALID: DRONNING MAUD LAND (ANTARCTICA-NORWAY)"|"i94cit_res"
"394"|"INVALID: FRENCH SOUTHERN AND ANTARCTIC"|"i94cit_res"
"501"|"INVALID: GREENLAND"|"i94cit_res"
"404"|"INVALID: GUAM"|"i94cit_res"
"730"|"INVALID: INTERNATIONAL WATERS"|"i94cit_res"
"731"|"INVALID: JOHNSON ISLAND"|"i94cit_res"
"471"|"INVALID: MARIANA ISLANDS, NORTHERN"|"i94cit_res"
"737"|"INVALID: MIDWAY ISLANDS"|"i94cit_res"
"753"|"INVALID: MINOR OUTLYING ISLANDS - USA"|"i94cit_res"
"740"|"INVALID: NEUTRAL ZONE (S. ARABIA/IRAQ)"|"i94cit_res"
"710"|"INVALID: NON-QUOTA IMMIGRANT"|"i94cit_res"
"505"|"INVALID: PUERTO RICO"|"i94cit_res"
"0"|"INVALID: STATELESS"|"i94cit_res"
"705"|"INVALID: STATELESS"|"i94cit_res"
"583"|"INVALID: UNITED STATES"|"i94cit_res"
"407"|"INVALID: UNITED STATES"|"i94cit_res"
"999"|"INVALID: UNKNOWN"|"i94cit_res"
"239"|"INVALID: UNKNOWN COUNTRY"|"i94cit_res"
"134"|"INVALID: USSR"|"i94cit_res"
"506"|"INVALID: U.S. VIRGIN ISLANDS"|"i94cit_res"
"755"|"INVALID: WAKE ISLAND"|"i94cit_res"
"311"|"Collapsed Tanzania (should not show)"|"i94cit_res"
"741"|"Collapsed Curacao (should not show)"|"i94cit_res"
"54"|"No Country Code (54)"|"i94cit_res"
"100"|"No Country Code (100)"|"i94cit_res"
"187"|"No Country Code (187)"|"i94cit_res"
"190"|"No Country Code (190)"|"i94cit_res"
"200"|"No Country Code (200)"|"i94cit_res"
"219"|"No Country Code (219)"|"i94cit_res"
"238"|"No Country Code (238)"|"i94cit_res"
"277"|"No Country Code (277)"|"i94cit_res"
"293"|"No Country Code (293)"|"i94cit_res"
"300"|"No Country Code (300)"|"i94cit_res"
"319"|"No Country Code (319)"|"i94cit_res"
"365"|"No Country Code (365)"|"i94cit_res"
"395"|"No Country Code (395)"|"i94cit_res"
"400"|"No Country Code (400)"|"i94cit_res"
"485"|"No Country Code (485)"|"i94cit_res"
"503"|"No Country Code (503)"|"i94cit_res"
"589"|"No Country Code (589)"|"i94cit_res"
"592"|"No Country Code (592)"|"i94cit_res"
"791"|"No Country Code (791)"|"i94cit_res"
"849"|"No Country Code (849)"|"i94cit_res"
"914"|"No Country Code (914)"|"i94cit_res"
"944"|"No Country Code (944)"|"i94cit_res"
"996"|"No Country Code (996)"|"i94cit_res"
"ALC"|"ALCAN, AK"|"i94port"
"ANC"|"ANCHORAGE, AK"|"i94port"
"BAR"|"BAKER AAF - BAKER ISLAND, AK"|"i94port"
"DAC"|"DALTONS CACHE, AK"|"i94port"
"PIZ"|"DEW STATION PT LAY DEW, AK"|"i94port"
"DTH"|"DUTCH HARBOR, AK"|"i94port"
"EGL"|"EAGLE, AK"|"i94port"
"FRB"|"FAIRBANKS, AK"|"i94port"
"HOM"|"HOMER, AK"|"i94port"
"HYD"|"HYDER, AK"|"i94port"
"JUN"|"JUNEAU, AK"|"i94port"
"5KE"|"KETCHIKAN, AK"|"i94port"
"KET"|"KETCHIKAN, AK"|"i94port"
"MOS"|"MOSES POINT INTERMEDIATE, AK"|"i94port"
"NIK"|"NIKISKI, AK"|"i94port"
"NOM"|"NOM, AK"|"i94port"
"PKC"|"POKER CREEK, AK"|"i94port"
"ORI"|"PORT LIONS SPB, AK"|"i94port"
"SKA"|"SKAGWAY, AK"|"i94port"
"SNP"|"ST. PAUL ISLAND, AK"|"i94port"
"TKI"|"TOKEEN, AK"|"i94port"
"WRA"|"WRANGELL, AK"|"i94port"
"HSV"|"MADISON COUNTY - HUNTSVILLE, AL"|"i94port"
"MOB"|"MOBILE, AL"|"i94port"
"LIA"|"LITTLE ROCK, AR (BPS)"|"i94port"
"ROG"|"ROGERS ARPT, AR"|"i94port"
"DOU"|"DOUGLAS, AZ"|"i94port"
"LUK"|"LUKEVILLE, AZ"|"i94port"
"MAP"|"MARIPOSA AZ"|"i94port"
"NAC"|"NACO, AZ"|"i94port"
"NOG"|"NOGALES, AZ"|"i94port"
"PHO"|"PHOENIX, AZ"|"i94port"
"POR"|"PORTAL, AZ"|"i94port"
"SLU"|"SAN LUIS, AZ"|"i94port"
"SAS"|"SASABE, AZ"|"i94port"
"TUC"|"TUCSON, AZ"|"i94port"
"YUI"|"YUMA, AZ"|"i94port"
"AND"|"ANDRADE, CA"|"i94port"
"BUR"|"BURBANK, CA"|"i94port"
"CAL"|"CALEXICO, CA"|"i94port"
"CAO"|"CAMPO, CA"|"i94port"
"FRE"|"FRESNO, CA"|"i94port"
"ICP"|"IMPERIAL COUNTY, CA"|"i94port"
"LNB"|"LONG BEACH, CA"|"i94port"
"LOS"|"LOS ANGELES, CA"|"i94port"
"BFL"|"MEADOWS FIELD - BAKERSFIELD, CA"|"i94port"
"OAK"|"OAKLAND, CA"|"i94port"
"ONT"|"ONTARIO, CA"|"i94port"
"OTM"|"OTAY MESA, CA"|"i94port"
"BLT"|"PACIFIC, HWY. STATION, CA"|"i94port"
"PSP"|"PALM SPRINGS, CA"|"i94port"
"SAC"|"SACRAMENTO, CA"|"i94port"
"SLS"|"SALINAS, CA (BPS)"|"i94port"
"SDP"|"SAN DIEGO, CA"|"i94port"
"SFR"|"SAN FRANCISCO, CA"|"i94port"
"SNJ"|"SAN JOSE, CA"|"i94port"
"SLO"|"SAN LUIS OBISPO, CA"|"i94port"
"SLI"|"SAN LUIS OBISPO, CA (BPS)"|"i94port"
"SPC"|"SAN PEDRO, CA"|"i94port"
"SYS"|"SAN YSIDRO, CA"|"i94port"
"SAA"|"SANTA ANA, CA"|"i94port"
"STO"|"STOCKTON, CA (BPS)"|"i94port"
"TEC"|"TECATE, CA"|"i94port"
"TRV"|"TRAVIS-AFB, CA"|"i94port"
"APA"|"ARAPAHOE COUNTY, CO"|"i94port"
"ASE"|"ASPEN, CO #ARPT"|"i94port"
"COS"|"COLORADO SPRINGS, CO"|"i94port"
"DEN"|"DENVER, CO"|"i94port"
"DRO"|"LA PLATA - DURANGO, CO"|"i94port"
"BDL"|"BRADLEY INTERNATIONAL, CT"|"i94port"
"BGC"|"BRIDGEPORT, CT"|"i94port"
"GRT"|"GROTON, CT"|"i94port"
"HAR"|"HARTFORD, CT"|"i94port"
"NWH"|"NEW HAVEN, CT"|"i94port"
"NWL"|"NEW LONDON, CT"|"i94port"
"TST"|"NEWINGTON DATA CENTER TEST, CT"|"i94port"
"WAS"|"WASHINGTON DC"|"i94port"
"DOV"|"DOVER AFB, DE"|"i94port"
"DVD"|"DOVER-AFB, DE"|"i94port"
"WLL"|"WILMINGTON, DE"|"i94port"
"BOC"|"BOCAGRANDE, FL"|"i94port"
"SRQ"|"BRADENTON - SARASOTA, FL"|"i94port"
"CAN"|"CAPE CANAVERAL, FL"|"i94port"
"DAB"|"DAYTONA BEACH INTERNATIONAL, FL"|"i94port"
"FRN"|"FERNANDINA, FL"|"i94port"
"FTL"|"FORT LAUDERDALE, FL"|"i94port"
"FMY"|"FORT MYERS, FL"|"i94port"
"FPF"|"FORT PIERCE, FL"|"i94port"
"HUR"|"HURLBURT FIELD, FL"|"i94port"
"GNV"|"J R ALISON MUNI - GAINESVILLE, FL"|"i94port"
"JAC"|"JACKSONVILLE, FL"|"i94port"
"KEY"|"KEY WEST, FL"|"i94port"
"LEE"|"LEESBURG MUNICIPAL AIRPORT, FL"|"i94port"
"MLB"|"MELBOURNE, FL"|"i94port"
"MIA"|"MIAMI, FL"|"i94port"
"APF"|"NAPLES, FL #ARPT"|"i94port"
"OPF"|"OPA LOCKA, FL"|"i94port"
"ORL"|"ORLANDO, FL"|"i94port"
"PAN"|"PANAMA CITY, FL"|"i94port"
"PEN"|"PENSACOLA, FL"|"i94port"
"PCF"|"PORT CANAVERAL, FL"|"i94port"
"PEV"|"PORT EVERGLADES, FL"|"i94port"
"PSJ"|"PORT ST JOE, FL"|"i94port"
"SFB"|"SANFORD, FL"|"i94port"
"SGJ"|"ST AUGUSTINE ARPT, FL"|"i94port"
"SAU"|"ST AUGUSTINE, FL"|"i94port"
"FPR"|"ST LUCIE COUNTY, FL"|"i94port"
"SPE"|"ST PETERSBURG, FL"|"i94port"
"TAM"|"TAMPA, FL"|"i94port"
"WPB"|"WEST PALM BEACH, FL"|"i94port"
"ATL"|"ATLANTA, GA"|"i94port"
"BRU"|"BRUNSWICK, GA"|"i94port"
"AGS"|"BUSH FIELD - AUGUSTA, GA"|"i94port"
"SAV"|"SAVANNAH, GA"|"i94port"
"AGA"|"AGANA, GU"|"i94port"
"HHW"|"HONOLULU, HI"|"i94port"
"OGG"|"KAHULUI - MAUI, HI"|"i94port"
"KOA"|"KEAHOLE-KONA, HI"|"i94port"
"LIH"|"LIHUE, HI"|"i94port"
"CID"|"CEDAR RAPIDS/IOWA CITY, IA"|"i94port"
"DSM"|"DES MOINES, IA"|"i94port"
"BOI"|"AIR TERM. (GOWEN FLD) BOISE, ID"|"i94port"
"EPI"|"EASTPORT, ID"|"i94port"
"IDA"|"FANNING FIELD - IDAHO FALLS, ID"|"i94port"
"PTL"|"PORTHILL, ID"|"i94port"
"SPI"|"CAPITAL - SPRINGFIELD, IL"|"i94port"
"CHI"|"CHICAGO, IL"|"i94port"
"DPA"|"DUPAGE COUNTY, IL"|"i94port"
"PIA"|"GREATER PEORIA, IL"|"i94port"
"RFD"|"GREATER ROCKFORD, IL"|"i94port"
"UGN"|"MEMORIAL - WAUKEGAN, IL"|"i94port"
"GAR"|"GARY, IN"|"i94port"
"HMM"|"HAMMOND, IN"|"i94port"
"INP"|"INDIANAPOLIS, IN"|"i94port"
"MRL"|"MERRILLVILLE, IN"|"i94port"
"SBN"|"SOUTH BEND, IN"|"i94port"
"ICT"|"MID-CONTINENT - WITCHITA, KS"|"i94port"
"LEX"|"BLUE GRASS - LEXINGTON, KY"|"i94port"
"LOU"|"LOUISVILLE, KY"|"i94port"
"BTN"|"BATON ROUGE, LA"|"i94port"
"LKC"|"LAKE CHARLES, LA"|"i94port"
"LAK"|"LAKE CHARLES, LA (BPS)"|"i94port"
"MLU"|"MONROE, LA"|"i94port"
"MGC"|"MORGAN CITY, LA"|"i94port"
"NOL"|"NEW ORLEANS, LA"|"i94port"
"BOS"|"BOSTON, MA"|"i94port"
"GLO"|"GLOUCESTER, MA"|"i94port"
"BED"|"HANSCOM FIELD - BEDFORD, MA"|"i94port"
"LYN"|"LYNDEN, WA"|"i94port"
"ADW"|"ANDREWS AFB, MD"|"i94port"
"BAL"|"BALTIMORE, MD"|"i94port"
"MKG"|"MUSKEGON, MD"|"i94port"
"PAX"|"PATUXENT RIVER, MD"|"i94port"
"BGM"|"BANGOR, ME"|"i94port"
"BOO"|"BOOTHBAY HARBOR, ME"|"i94port"
"BWM"|"BRIDGEWATER, ME"|"i94port"
"BCK"|"BUCKPORT, ME"|"i94port"
"CLS"|"CALAIS, ME"|"i94port"
"CRB"|"CARIBOU, ME"|"i94port"
"COB"|"COBURN GORE, ME"|"i94port"
"EST"|"EASTCOURT, ME"|"i94port"
"EPT"|"EASTPORT MUNICIPAL, ME"|"i94port"
"EPM"|"EASTPORT, ME"|"i94port"
"FOR"|"FOREST CITY, ME"|"i94port"
"FTF"|"FORT FAIRFIELD, ME"|"i94port"
"FTK"|"FORT KENT, ME"|"i94port"
"HML"|"HAMIIN, ME"|"i94port"
"HTM"|"HOULTON, ME"|"i94port"
"JKM"|"JACKMAN, ME"|"i94port"
"KAL"|"KALISPEL, MT"|"i94port"
"LIM"|"LIMESTONE, ME"|"i94port"
"LUB"|"LUBEC, ME"|"i94port"
"MAD"|"MADAWASKA, ME"|"i94port"
"POM"|"PORTLAND, ME"|"i94port"
"RGM"|"RANGELEY, ME (BPS)"|"i94port"
"SBR"|"SOUTH BREWER, ME"|"i94port"
"SRL"|"ST AURELIE, ME"|"i94port"
"SPA"|"ST PAMPILE, ME"|"i94port"
"VNB"|"VAN BUREN, ME"|"i94port"
"VCB"|"VANCEBORO, ME"|"i94port"
"AGN"|"ALGONAC, MI"|"i94port"
"ALP"|"ALPENA, MI"|"i94port"
"BCY"|"BAY CITY, MI"|"i94port"
"DET"|"DETROIT, MI"|"i94port"
"GRP"|"GRAND RAPIDS, MI"|"i94port"
"GRO"|"GROSSE ISLE, MI"|"i94port"
"ISL"|"ISLE ROYALE, MI"|"i94port"
"MRC"|"MARINE CITY, MI"|"i94port"
"MRY"|"MARYSVILLE, MI"|"i94port"
"PTK"|"OAKLAND COUNTY - PONTIAC, MI"|"i94port"
"PHU"|"PORT HURON, MI"|"i94port"
"RBT"|"ROBERTS LANDING, MI"|"i94port"
"SAG"|"SAGINAW, MI"|"i94port"
"SSM"|"SAULT STE. MARIE, MI"|"i94port"
"SCL"|"ST CLAIR, MI"|"i94port"
"YIP"|"WILLOW RUN - YPSILANTI, MI"|"i94port"
"BAU"|"BAUDETTE, MN"|"i94port"
"CAR"|"CARIBOU MUNICIPAL AIRPORT, MN"|"i94port"
"GTF"|"Collapsed into INT, MN"|"i94port"
"INL"|"Collapsed into INT, MN"|"i94port"
"CRA"|"CRANE LAKE, MN"|"i94port"
"MIC"|"CRYSTAL MUNICIPAL AIRPORT, MN"|"i94port"
"DUL"|"DULUTH, MN"|"i94port"
"ELY"|"ELY, MN"|"i94port"
"GPM"|"GRAND PORTAGE, MN"|"i94port"
"SVC"|"GRANT COUNTY - SILVER CITY, MN"|"i94port"
"INT"|"INTL FALLS, MN"|"i94port"
"LAN"|"LANCASTER, MN"|"i94port"
"MSP"|"MINN./ST PAUL, MN"|"i94port"
"LIN"|"NORTHERN SVC CENTER, MN"|"i94port"
"NOY"|"NOYES, MN"|"i94port"
"PIN"|"PINE CREEK, MN"|"i94port"
"48Y"|"PINECREEK BORDER ARPT, MN"|"i94port"
"RAN"|"RAINER, MN"|"i94port"
"RST"|"ROCHESTER, MN"|"i94port"
"ROS"|"ROSEAU, MN"|"i94port"
"SPM"|"ST PAUL, MN"|"i94port"
"WSB"|"WARROAD INTL, SPB, MN"|"i94port"
"WAR"|"WARROAD, MN"|"i94port"
"KAN"|"KANSAS CITY, MO"|"i94port"
"SGF"|"SPRINGFIELD-BRANSON, MO"|"i94port"
"STL"|"ST LOUIS, MO"|"i94port"
"WHI"|"WHITETAIL, MT"|"i94port"
"WHM"|"WILD HORSE, MT"|"i94port"
"GPT"|"BILOXI REGIONAL, MS"|"i94port"
"GTR"|"GOLDEN TRIANGLE LOWNDES CNTY, MS"|"i94port"
"GUL"|"GULFPORT, MS"|"i94port"
"PAS"|"PASCAGOULA, MS"|"i94port"
"JAN"|"THOMPSON FIELD - JACKSON, MS"|"i94port"
"BIL"|"BILLINGS, MT"|"i94port"
"BTM"|"BUTTE, MT"|"i94port"
"CHF"|"CHIEF MT, MT"|"i94port"
"CTB"|"CUT BANK MUNICIPAL, MT"|"i94port"
"CUT"|"CUT BANK, MT"|"i94port"
"DLB"|"DEL BONITA, MT"|"i94port"
"EUR"|"EUREKA, MT (BPS)"|"i94port"
"BZN"|"GALLATIN FIELD - BOZEMAN, MT"|"i94port"
"FCA"|"GLACIER NATIONAL PARK, MT"|"i94port"
"GGW"|"GLASGOW, MT"|"i94port"
"GRE"|"GREAT FALLS, MT"|"i94port"
"HVR"|"HAVRE, MT"|"i94port"
"HEL"|"HELENA, MT"|"i94port"
"LWT"|"LEWISTON, MT"|"i94port"
"MGM"|"MORGAN, MT"|"i94port"
"OPH"|"OPHEIM, MT"|"i94port"
"PIE"|"PIEGAN, MT"|"i94port"
"RAY"|"RAYMOND, MT"|"i94port"
"ROO"|"ROOSVILLE, MT"|"i94port"
"SCO"|"SCOBEY, MT"|"i94port"
"SWE"|"SWEETGTASS, MT"|"i94port"
"TRL"|"TRIAL CREEK, MT"|"i94port"
"TUR"|"TURNER, MT"|"i94port"
"WCM"|"WILLOW CREEK, MT"|"i94port"
"CLT"|"CHARLOTTE, NC"|"i94port"
"FAY"|"FAYETTEVILLE, NC"|"i94port"
"MRH"|"MOREHEAD CITY, NC"|"i94port"
"FOP"|"MORRIS FIELDS AAF, NC"|"i94port"
"GSO"|"PIEDMONT TRIAD INTL AIRPORT, NC"|"i94port"
"RDU"|"RALEIGH/DURHAM, NC"|"i94port"
"SSC"|"SHAW AFB - SUMTER, NC"|"i94port"
"WIL"|"WILMINGTON, NC"|"i94port"
"AMB"|"AMBROSE, ND"|"i94port"
"ANT"|"ANTLER, ND"|"i94port"
"CRY"|"CARBURY, ND"|"i94port"
"DNS"|"DUNSEITH, ND"|"i94port"
"FAR"|"FARGO, ND"|"i94port"
"FRT"|"FORTUNA, ND"|"i94port"
"GRF"|"GRAND FORKS, ND"|"i94port"
"HNN"|"HANNAH, ND"|"i94port"
"HNS"|"HANSBORO, ND"|"i94port"
"MAI"|"MAIDA, ND"|"i94port"
"MND"|"MINOT, ND"|"i94port"
"NEC"|"NECHE, ND"|"i94port"
"NOO"|"NOONAN, ND"|"i94port"
"NRG"|"NORTHGATE, ND"|"i94port"
"PEM"|"PEMBINA, ND"|"i94port"
"SAR"|"SARLES, ND"|"i94port"
"SHR"|"SHERWOOD, ND"|"i94port"
"SJO"|"ST JOHN, ND"|"i94port"
"WAL"|"WALHALLA, ND"|"i94port"
"WHO"|"WESTHOPE, ND"|"i94port"
"WND"|"WILLISTON, ND"|"i94port"
"OMA"|"OMAHA, NE"|"i94port"
"LEB"|"LEBANON, NH"|"i94port"
"MHT"|"MANCHESTER, NH"|"i94port"
"PNH"|"PITTSBURG, NH"|"i94port"
"PSM"|"PORTSMOUTH, NH"|"i94port"
"BYO"|"BAYONNE, NJ"|"i94port"
"CNJ"|"CAMDEN, NJ"|"i94port"
"HOB"|"HOBOKEN, NJ"|"i94port"
"JER"|"JERSEY CITY, NJ"|"i94port"
"WRI"|"MC GUIRE AFB - WRIGHTSOWN, NJ"|"i94port"
"MMU"|"MORRISTOWN, NJ"|"i94port"
"NEW"|"NEWARK/TETERBORO, NJ"|"i94port"
"PER"|"PERTH AMBOY, NJ"|"i94port"
"ACY"|"POMONA FIELD - ATLANTIC CITY, NJ"|"i94port"
"ALA"|"ALAMAGORDO, NM (BPS)"|"i94port"
"ABQ"|"ALBUQUERQUE, NM"|"i94port"
"ANP"|"ANTELOPE WELLS, NM"|"i94port"
"CRL"|"CARLSBAD, NM"|"i94port"
"COL"|"COLUMBUS, NM"|"i94port"
"CDD"|"CRANE LAKE - ST. LOUIS CNTY, NM"|"i94port"
"DNM"|"DEMING, NM (BPS)"|"i94port"
"LAS"|"LAS CRUCES, NM"|"i94port"
"LOB"|"LORDSBURG, NM (BPS)"|"i94port"
"RUI"|"RUIDOSO, NM"|"i94port"
"STR"|"SANTA TERESA, NM"|"i94port"
"RNO"|"CANNON INTL - RENO/TAHOE, NV"|"i94port"
"FLX"|"FALLON MUNICIPAL AIRPORT, NV"|"i94port"
"LVG"|"LAS VEGAS, NV"|"i94port"
"REN"|"RENO, NV"|"i94port"
"ALB"|"ALBANY, NY"|"i94port"
"AXB"|"ALEXANDRIA BAY, NY"|"i94port"
"BUF"|"BUFFALO, NY"|"i94port"
"CNH"|"CANNON CORNERS, NY"|"i94port"
"CAP"|"CAPE VINCENT, NY"|"i94port"
"CHM"|"CHAMPLAIN, NY"|"i94port"
"CHT"|"CHATEAUGAY, NY"|"i94port"
"CLA"|"CLAYTON, NY"|"i94port"
"FTC"|"FORT COVINGTON, NY"|"i94port"
"LAG"|"LA GUARDIA, NY"|"i94port"
"LEW"|"LEWISTON, NY"|"i94port"
"MAS"|"MASSENA, NY"|"i94port"
"MAG"|"MCGUIRE AFB, NY"|"i94port"
"MOO"|"MOORES, NY"|"i94port"
"MRR"|"MORRISTOWN, NY"|"i94port"
"NYC"|"NEW YORK, NY"|"i94port"
"NIA"|"NIAGARA FALLS, NY"|"i94port"
"OGD"|"OGDENSBURG, NY"|"i94port"
"OSW"|"OSWEGO, NY"|"i94port"
"ELM"|"REGIONAL ARPT - HORSEHEAD, NY"|"i94port"
"ROC"|"ROCHESTER, NY"|"i94port"
"ROU"|"ROUSES POINT, NY"|"i94port"
"SWF"|"STEWART - ORANGE CNTY, NY"|"i94port"
"SYR"|"SYRACUSE, NY"|"i94port"
"THO"|"THOUSAND ISLAND BRIDGE, NY"|"i94port"
"TRO"|"TROUT RIVER, NY"|"i94port"
"WAT"|"WATERTOWN, NY"|"i94port"
"HPN"|"WESTCHESTER - WHITE PLAINS, NY"|"i94port"
"WRB"|"WHIRLPOOL BRIDGE, NY"|"i94port"
"YOU"|"YOUNGSTOWN, NY"|"i94port"
"AKR"|"AKRON, OH"|"i94port"
"ATB"|"ASHTABULA, OH"|"i94port"
"CIN"|"CINCINNATI, OH"|"i94port"
"CLE"|"CLEVELAND, OH"|"i94port"
"CLM"|"COLUMBUS, OH"|"i94port"
"LOR"|"LORAIN, OH"|"i94port"
"MBO"|"MARBLE HEADS, OH"|"i94port"
"SDY"|"SANDUSKY, OH"|"i94port"
"TOL"|"TOLEDO, OH"|"i94port"
"OKC"|"OKLAHOMA CITY, OK"|"i94port"
"TUL"|"TULSA, OK"|"i94port"
"AST"|"ASTORIA, OR"|"i94port"
"COO"|"COOS BAY, OR"|"i94port"
"HIO"|"HILLSBORO, OR"|"i94port"
"MED"|"MEDFORD, OR"|"i94port"
"NPT"|"NEWPORT, OR"|"i94port"
"POO"|"PORTLAND, OR"|"i94port"
"PUT"|"PUT-IN-BAY, OH"|"i94port"
"RDM"|"ROBERTS FIELDS - REDMOND, OR"|"i94port"
"ERI"|"ERIE, PA"|"i94port"
"MDT"|"HARRISBURG, PA"|"i94port"
"HSB"|"HARRISONBURG, PA"|"i94port"
"PHI"|"PHILADELPHIA, PA"|"i94port"
"PIT"|"PITTSBURG, PA"|"i94port"
"AGU"|"AGUADILLA, PR"|"i94port"
"BQN"|"BORINQUEN - AGUADILLO, PR"|"i94port"
"JCP"|"CULEBRA - BENJAMIN RIVERA, PR"|"i94port"
"ENS"|"ENSENADA, PR"|"i94port"
"FAJ"|"FAJARDO, PR"|"i94port"
"HUM"|"HUMACAO, PR"|"i94port"
"JOB"|"JOBOS, PR"|"i94port"
"MAY"|"MAYAGUEZ, PR"|"i94port"
"PON"|"PONCE, PR"|"i94port"
"PSE"|"PONCE-MERCEDITA, PR"|"i94port"
"SAJ"|"SAN JUAN, PR"|"i94port"
"VQS"|"VIEQUES-ARPT, PR"|"i94port"
"PRO"|"PROVIDENCE, RI"|"i94port"
"PVD"|"THEODORE FRANCIS - WARWICK, RI"|"i94port"
"CHL"|"CHARLESTON, SC"|"i94port"
"CAE"|"COLUMBIA, SC #ARPT"|"i94port"
"GEO"|"GEORGETOWN, SC"|"i94port"
"GSP"|"GREENVILLE, SC"|"i94port"
"GRR"|"GREER, SC"|"i94port"
"MYR"|"MYRTLE BEACH, SC"|"i94port"
"SPF"|"BLACK HILLS, SPEARFISH, SD"|"i94port"
"HON"|"HOWES REGIONAL ARPT - HURON, SD"|"i94port"
"SAI"|"SAIPAN, SPN"|"i94port"
"TYS"|"MC GHEE TYSON - ALCOA, TN"|"i94port"
"MEM"|"MEMPHIS, TN"|"i94port"
"NSV"|"NASHVILLE, TN"|"i94port"
"TRI"|"TRI CITY ARPT, TN"|"i94port"
"ADS"|"ADDISON AIRPORT- ADDISON, TX"|"i94port"
"ADT"|"AMISTAD DAM, TX"|"i94port"
"ANZ"|"ANZALDUAS, TX"|"i94port"
"AUS"|"AUSTIN, TX"|"i94port"
"BEA"|"BEAUMONT, TX"|"i94port"
"BBP"|"BIG BEND PARK, TX (BPS)"|"i94port"
"SCC"|"BP SPEC COORD. CTR, TX"|"i94port"
"BTC"|"BP TACTICAL UNIT, TX"|"i94port"
"BOA"|"BRIDGE OF AMERICAS, TX"|"i94port"
"BRO"|"BROWNSVILLE, TX"|"i94port"
"CRP"|"CORPUS CHRISTI, TX"|"i94port"
"DAL"|"DALLAS, TX"|"i94port"
"DLR"|"DEL RIO, TX"|"i94port"
"DNA"|"DONNA, TX"|"i94port"
"EGP"|"EAGLE PASS, TX"|"i94port"
"ELP"|"EL PASO, TX"|"i94port"
"FAB"|"FABENS, TX"|"i94port"
"FAL"|"FALCON HEIGHTS, TX"|"i94port"
"FTH"|"FORT HANCOCK, TX"|"i94port"
"AFW"|"FORT WORTH ALLIANCE, TX"|"i94port"
"FPT"|"FREEPORT, TX"|"i94port"
"GAL"|"GALVESTON, TX"|"i94port"
"HLG"|"HARLINGEN, TX"|"i94port"
"HID"|"HIDALGO, TX"|"i94port"
"HOU"|"HOUSTON, TX"|"i94port"
"SGR"|"HULL FIELD, SUGAR LAND ARPT, TX"|"i94port"
"LLB"|"JUAREZ-LINCOLN BRIDGE, TX"|"i94port"
"LCB"|"LAREDO COLUMBIA BRIDGE, TX"|"i94port"
"LRN"|"LAREDO NORTH, TX"|"i94port"
"LAR"|"LAREDO, TX"|"i94port"
"LSE"|"LOS EBANOS, TX"|"i94port"
"IND"|"LOS INDIOS, TX"|"i94port"
"LOI"|"LOS INDIOS, TX"|"i94port"
"MRS"|"MARFA, TX (BPS)"|"i94port"
"MCA"|"MCALLEN, TX"|"i94port"
"MAF"|"ODESSA REGIONAL, TX"|"i94port"
"PDN"|"PASO DEL NORTE,TX"|"i94port"
"PBB"|"PEACE BRIDGE, NY"|"i94port"
"PHR"|"PHARR, TX"|"i94port"
"PAR"|"PORT ARTHUR, TX"|"i94port"
"ISB"|"PORT ISABEL, TX"|"i94port"
"POE"|"PORT OF EL PASO, TX"|"i94port"
"PRE"|"PRESIDIO, TX"|"i94port"
"PGR"|"PROGRESO, TX"|"i94port"
"RIO"|"RIO GRANDE CITY, TX"|"i94port"
"ROM"|"ROMA, TX"|"i94port"
"SNA"|"SAN ANTONIO, TX"|"i94port"
"SNN"|"SANDERSON, TX"|"i94port"
"VIB"|"VETERAN INTL BRIDGE, TX"|"i94port"
"YSL"|"YSLETA, TX"|"i94port"
"CHA"|"CHARLOTTE AMALIE, VI"|"i94port"
"CHR"|"CHRISTIANSTED, VI"|"i94port"
"CRU"|"CRUZ BAY, ST JOHN, VI"|"i94port"
"FRK"|"FREDERIKSTED, VI"|"i94port"
"STT"|"ST THOMAS, VI"|"i94port"
"LGU"|"CACHE AIRPORT - LOGAN, UT"|"i94port"
"SLC"|"SALT LAKE CITY, UT"|"i94port"
"CHO"|"ALBEMARLE CHARLOTTESVILLE, VA"|"i94port"
"DAA"|"DAVISON AAF - FAIRFAX CNTY, VA"|"i94port"
"HOP"|"HOPEWELL, VA"|"i94port"
"HEF"|"MANASSAS, VA #ARPT"|"i94port"
"NWN"|"NEWPORT, VA"|"i94port"
"NOR"|"NORFOLK, VA"|"i94port"
"RCM"|"RICHMOND, VA"|"i94port"
"ABS"|"ALBURG SPRINGS, VT"|"i94port"
"ABG"|"ALBURG, VT"|"i94port"
"BEB"|"BEEBE PLAIN, VT"|"i94port"
"BEE"|"BEECHER FALLS, VT"|"i94port"
"BRG"|"BURLINGTON, VT"|"i94port"
"CNA"|"CANAAN, VT"|"i94port"
"DER"|"DERBY LINE, VT (I-91)"|"i94port"
"DLV"|"DERBY LINE, VT (RT. 5)"|"i94port"
"ERC"|"EAST RICHFORD, VT"|"i94port"
"HIG"|"HIGHGATE SPRINGS, VT"|"i94port"
"MOR"|"MORSES LINE, VT"|"i94port"
"NPV"|"NEWPORT, VT"|"i94port"
"NRT"|"NORTH TROY, VT"|"i94port"
"NRN"|"NORTON, VT"|"i94port"
"PIV"|"PINNACLE ROAD, VT"|"i94port"
"RIF"|"RICHFORT, VT"|"i94port"
"STA"|"ST ALBANS, VT"|"i94port"
"SWB"|"SWANTON, VT (BP - SECTOR HQ)"|"i94port"
"WBE"|"WEST BERKSHIRE, VT"|"i94port"
"ABE"|"ABERDEEN, WA"|"i94port"
"ANA"|"ANACORTES, WA"|"i94port"
"BEL"|"BELLINGHAM, WA"|"i94port"
"BLI"|"BELLINGHAM, WASHINGTON #INTL"|"i94port"
"BLA"|"BLAINE, WA"|"i94port"
"BWA"|"BOUNDARY, WA"|"i94port"
"CUR"|"CURLEW, WA (BPS)"|"i94port"
"DVL"|"DANVILLE, WA"|"i94port"
"EVE"|"EVERETT, WA"|"i94port"
"FER"|"FERRY, WA"|"i94port"
"FRI"|"FRIDAY HARBOR, WA"|"i94port"
"FWA"|"FRONTIER, WA"|"i94port"
"KLM"|"KALAMA, WA"|"i94port"
"LAU"|"LAURIER, WA"|"i94port"
"LON"|"LONGVIEW, WA"|"i94port"
"MET"|"METALINE FALLS, WA"|"i94port"
"MWH"|"MOSES LAKE GRANT COUNTY ARPT, WA"|"i94port"
"NEA"|"NEAH BAY, WA"|"i94port"
"NIG"|"NIGHTHAWK, WA"|"i94port"
"OLY"|"OLYMPIA, WA"|"i94port"
"ORO"|"OROVILLE, WA"|"i94port"
"PWB"|"PASCO, WA"|"i94port"
"PIR"|"POINT ROBERTS, WA"|"i94port"
"PNG"|"PORT ANGELES, WA"|"i94port"
"PTO"|"PORT TOWNSEND, WA"|"i94port"
"SEA"|"SEATTLE, WA"|"i94port"
"SPO"|"SPOKANE, WA"|"i94port"
"SUM"|"SUMAS, WA"|"i94port"
"TAC"|"TACOMA, WA"|"i94port"
"PSC"|"TRI-CITIES - PASCO, WA"|"i94port"
"VAN"|"VANCOUVER, WA"|"i94port"
"AGM"|"ALGOMA, WI"|"i94port"
"BAY"|"BAYFIELD, WI"|"i94port"
"GRB"|"GREEN BAY, WI"|"i94port"
"MNW"|"MANITOWOC, WI"|"i94port"
"MIL"|"MILWAUKEE, WI"|"i94port"
"MSN"|"TRUAX FIELD - DANE COUNTY, WI"|"i94port"
"CHS"|"CHARLESTON, WV"|"i94port"
"CLK"|"CLARKSBURG, WV"|"i94port"
"BLF"|"MERCER COUNTY, WV"|"i94port"
"CSP"|"CASPER, WY"|"i94port"
"XXX"|"NOT REPORTED/UNKNOWN"|"i94port"
"888"|"UNIDENTIFED AIR / SEAPORT"|"i94port"
"UNK"|"UNKNOWN POE"|"i94port"
"CLG"|"CALGARY, CANADA"|"i94port"
"EDA"|"EDMONTON, CANADA"|"i94port"
"YHC"|"HAKAI PASS, CANADA"|"i94port"
"HAL"|"Halifax, NS, Canada"|"i94port"
"MON"|"MONTREAL, CANADA"|"i94port"
"OTT"|"OTTAWA, CANADA"|"i94port"
"YXE"|"SASKATOON, CANADA"|"i94port"
"TOR"|"TORONTO, CANADA"|"i94port"
"VCV"|"VANCOUVER, CANADA"|"i94port"
"VIC"|"VICTORIA, CANADA"|"i94port"
"WIN"|"WINNIPEG, CANADA"|"i94port"
"AMS"|"AMSTERDAM-SCHIPHOL, NETHERLANDS"|"i94port"
"ARB"|"ARUBA, NETH ANTILLES"|"i94port"
"BAN"|"BANKOK, THAILAND"|"i94port"
"BEI"|"BEICA #ARPT, ETHIOPIA"|"i94port"
"PEK"|"BEIJING CAPITAL INTL, PRC"|"i94port"
"BDA"|"KINDLEY FIELD, BERMUDA"|"i94port"
"BOG"|"BOGOTA, EL DORADO #ARPT, COLOMBIA"|"i94port"
"EZE"|"BUENOS AIRES, MINISTRO PIST, ARGENTINA"|"i94port"
"CUN"|"CANCUN, MEXICO"|"i94port"
"CRQ"|"CARAVELAS, BA #ARPT, BRAZIL"|"i94port"
"MVD"|"CARRASCO, URUGUAY"|"i94port"
"DUB"|"DUBLIN, IRELAND"|"i94port"
"FOU"|"FOUGAMOU #ARPT, GABON"|"i94port"
"FBA"|"FREEPORT, BAHAMAS"|"i94port"
"MTY"|"GEN M. ESCOBEDO, Monterrey, MX"|"i94port"
"HMO"|"GEN PESQUEIRA GARCIA, MX"|"i94port"
"GCM"|"GRAND CAYMAN, CAYMAN ISLAND"|"i94port"
"GDL"|"GUADALAJARA, MIGUEL HIDAL, MX"|"i94port"
"HAM"|"HAMILTON, BERMUDA"|"i94port"
"ICN"|"INCHON, SEOUL KOREA"|"i94port"
"IWA"|"INVALID - IWAKUNI, JAPAN"|"i94port"
"CND"|"KOGALNICEANU, ROMANIA"|"i94port"
"LAH"|"LABUHA ARPT, INDONESIA"|"i94port"
"DUR"|"LOUIS BOTHA, SOUTH AFRICA"|"i94port"
"MAL"|"MANGOLE ARPT, INDONESIA"|"i94port"
"MDE"|"MEDELLIN, COLOMBIA"|"i94port"
"MEX"|"JUAREZ INTL, MEXICO CITY, MX"|"i94port"
"LHR"|"MIDDLESEX, ENGLAND"|"i94port"
"NBO"|"NAIROBI, KENYA"|"i94port"
"NAS"|"NASSAU, BAHAMAS"|"i94port"
"NCA"|"NORTH CAICOS, TURK & CAIMAN"|"i94port"
"PTY"|"OMAR TORRIJOS, PANAMA"|"i94port"
"SPV"|"PAPUA, NEW GUINEA"|"i94port"
"UIO"|"QUITO (MARISCAL SUCR), ECUADOR"|"i94port"
"RIT"|"ROME, ITALY"|"i94port"
"SNO"|"SAKON NAKHON #ARPT, THAILAND"|"i94port"
"SLP"|"SAN LUIS POTOSI #ARPT, MEXICO"|"i94port"
"SAN"|"SAN SALVADOR, EL SALVADOR"|"i94port"
"SRO"|"SANTANA RAMOS #ARPT, COLOMBIA"|"i94port"
"GRU"|"GUARULHOS INTL, SAO PAULO, BRAZIL"|"i94port"
"SHA"|"SHANNON, IRELAND"|"i94port"
"HIL"|"SHILLAVO, ETHIOPIA"|"i94port"
"TOK"|"TOROKINA #ARPT, PAPUA, NEW GUINEA"|"i94port"
"VER"|"VERACRUZ, MEXICO"|"i94port"
"LGW"|"WEST SUSSEX, ENGLAND"|"i94port"
"ZZZ"|"MEXICO Land (Banco de Mexico)"|"i94port"
"CHN"|"No PORT Code (CHN)"|"i94port"
"CNC"|"CANNON CORNERS, NY"|"i94port"
"MAA"|"Abu Dhabi"|"i94port"
"AG0"|"MAGNOLIA, AR"|"i94port"
"BHM"|"BAR HARBOR, ME"|"i94port"
"BHX"|"BIRMINGHAM, AL"|"i94port"
"CAK"|"AKRON, OH"|"i94port"
"FOK"|"SUFFOLK COUNTY, NY"|"i94port"
"LND"|"LANDER, WY"|"i94port"
"MAR"|"MARFA, TX"|"i94port"
"MLI"|"MOLINE, IL"|"i94port"
"RIV"|"RIVERSIDE, CA"|"i94port"
"RME"|"ROME, NY"|"i94port"
"VNY"|"VAN NUYS, CA"|"i94port"
"YUM"|"YUMA, AZ"|"i94port"
"FRG"|"Collapsed (FOK) 06/15"|"i94port"
"HRL"|"Collapsed (HLG) 06/15"|"i94port"
"ISP"|"Collapsed (FOK) 06/15"|"i94port"
"JSJ"|"Collapsed (SAJ) 06/15"|"i94port"
"BUS"|"Collapsed (BUF) 06/15"|"i94port"
"IAG"|"Collapsed (NIA) 06/15"|"i94port"
"PHN"|"Collapsed (PHU) 06/15"|"i94port"
"STN"|"Collapsed (STR) 06/15"|"i94port"
"VMB"|"Collapsed (VNB) 06/15"|"i94port"
"T01"|"Collapsed (SEA) 06/15"|"i94port"
"PHF"|"No PORT Code (PHF)"|"i94port"
"DRV"|"No PORT Code (DRV)"|"i94port"
"FTB"|"No PORT Code (FTB)"|"i94port"
"GAC"|"No PORT Code (GAC)"|"i94port"
"GMT"|"No PORT Code (GMT)"|"i94port"
"JFA"|"No PORT Code (JFA)"|"i94port"
"JMZ"|"No PORT Code (JMZ)"|"i94port"
"NC8"|"No PORT Code (NC8)"|"i94port"
"NYL"|"No PORT Code (NYL)"|"i94port"
"OAI"|"No PORT Code (OAI)"|"i94port"
"PCW"|"No PORT Code (PCW)"|"i94port"
"WA5"|"No PORT Code (WAS)"|"i94port"
"WTR"|"No PORT Code (WTR)"|"i94port"
"X96"|"No PORT Code (X96)"|"i94port"
"XNA"|"No PORT Code (XNA)"|"i94port"
"YGF"|"No PORT Code (YGF)"|"i94port"
"5T6"|"No PORT Code (5T6)"|"i94port"
"060"|"No PORT Code (60)"|"i94port"
"SP0"|"No PORT Code (SP0)"|"i94port"
"W55"|"No PORT Code (W55)"|"i94port"
"X44"|"No PORT Code (X44)"|"i94port"
"AUH"|"No PORT Code (AUH)"|"i94port"
"RYY"|"No PORT Code (RYY)"|"i94port"
"SUS"|"No PORT Code (SUS)"|"i94port"
"74S"|"No PORT Code (74S)"|"i94port"
"ATW"|"No PORT Code (ATW)"|"i94port"
"CPX"|"No PORT Code (CPX)"|"i94port"
"MTH"|"No PORT Code (MTH)"|"i94port"
"PFN"|"No PORT Code (PFN)"|"i94port"
"SCH"|"No PORT Code (SCH)"|"i94port"
"ASI"|"No PORT Code (ASI)"|"i94port"
"BKF"|"No PORT Code (BKF)"|"i94port"
"DAY"|"No PORT Code (DAY)"|"i94port"
"Y62"|"No PORT Code (Y62)"|"i94port"
"AG"|"No PORT Code (AG)"|"i94port"
"BCM"|"No PORT Code (BCM)"|"i94port"
"DEC"|"No PORT Code (DEC)"|"i94port"
"PLB"|"No PORT Code (PLB)"|"i94port"
"CXO"|"No PORT Code (CXO)"|"i94port"
"JBQ"|"No PORT Code (JBQ)"|"i94port"
"JIG"|"No PORT Code (JIG)"|"i94port"
"OGS"|"No PORT Code (OGS)"|"i94port"
"TIW"|"No PORT Code (TIW)"|"i94port"
"OTS"|"No PORT Code (OTS)"|"i94port"
"AMT"|"No PORT Code (AMT)"|"i94port"
"EGE"|"No PORT Code (EGE)"|"i94port"
"GPI"|"No PORT Code (GPI)"|"i94port"
"NGL"|"No PORT Code (NGL)"|"i94port"
"OLM"|"No PORT Code (OLM)"|"i94port"
".GA"|"No PORT Code (.GA)"|"i94port"
"CLX"|"No PORT Code (CLX)"|"i94port"
"CP"|"No PORT Code (CP)"|"i94port"
"FSC"|"No PORT Code (FSC)"|"i94port"
"NK"|"No PORT Code (NK)"|"i94port"
"ADU"|"No PORT Code (ADU)"|"i94port"
"AKT"|"No PORT Code (AKT)"|"i94port"
"LIT"|"No PORT Code (LIT)"|"i94port"
"A2A"|"No PORT Code (A2A)"|"i94port"
"OSN"|"No PORT Code (OSN)"|"i94port"
"1"|"Air"|"i94mode"
"2"|"Sea"|"i94mode"
"3"|"Land"|"i94mode"
"9"|"Not reported"|"i94mode"
"AL"|"ALABAMA"|"i94addr"
"AK"|"ALASKA"|"i94addr"
"AZ"|"ARIZONA"|"i94addr"
"AR"|"ARKANSAS"|"i94addr"
"CA"|"CALIFORNIA"|"i94addr"
"CO"|"COLORADO"|"i94addr"
"CT"|"CONNECTICUT"|"i94addr"
"DE"|"DELAWARE"|"i94addr"
"DC"|"DIST. OF COLUMBIA"|"i94addr"
"FL"|"FLORIDA"|"i94addr"
"GA"|"GEORGIA"|"i94addr"
"GU"|"GUAM"|"i94addr"
"HI"|"HAWAII"|"i94addr"
"ID"|"IDAHO"|"i94addr"
"IL"|"ILLINOIS"|"i94addr"
"IN"|"INDIANA"|"i94addr"
"IA"|"IOWA"|"i94addr"
"KS"|"KANSAS"|"i94addr"
"KY"|"KENTUCKY"|"i94addr"
"LA"|"LOUISIANA"|"i94addr"
"ME"|"MAINE"|"i94addr"
"MD"|"MARYLAND"|"i94addr"
"MA"|"MASSACHUSETTS"|"i94addr"
"MI"|"MICHIGAN"|"i94addr"
"MN"|"MINNESOTA"|"i94addr"
"MS"|"MISSISSIPPI"|"i94addr"
"MO"|"MISSOURI"|"i94addr"
"MT"|"MONTANA"|"i94addr"
"NC"|"N. CAROLINA"|"i94addr"
"ND"|"N. DAKOTA"|"i94addr"
"NE"|"NEBRASKA"|"i94addr"
"NV"|"NEVADA"|"i94addr"
"NH"|"NEW HAMPSHIRE"|"i94addr"
"NJ"|"NEW JERSEY"|"i94addr"
"NM"|"NEW MEXICO"|"i94addr"
"NY"|"NEW YORK"|"i94addr"
"OH"|"OHIO"|"i94addr"
"OK"|"OKLAHOMA"|"i94addr"
"OR"|"OREGON"|"i94addr"
"PA"|"PENNSYLVANIA"|"i94addr"
"PR"|"PUERTO RICO"|"i94addr"
"RI"|"RHODE ISLAND"|"i94addr"
"SC"|"S. CAROLINA"|"i94addr"
"SD"|"S. DAKOTA"|"i94addr"
"TN"|"TENNESSEE"|"i94addr"
"TX"|"TEXAS"|"i94addr"
"UT"|"UTAH"|"i94addr"
"VT"|"VERMONT"|"i94addr"
"VI"|"VIRGIN ISLANDS"|"i94addr"
"VA"|"VIRGINIA"|"i94addr"
"WV"|"W. VIRGINIA"|"i94addr"
"WA"|"WASHINGTON"|"i94addr"
"WI"|"WISCONSON"|"i94addr"
"WY"|"WYOMING"|"i94addr"
"99"|"All Other Codes"|"i94addr"
"1"|"Business"|"i94visa"
"2"|"Pleasure"|"i94visa"
"3"|"Student"|"i94visa"
